Workbook

Sheet Dashboard
A1: CLIENT & BILLING OPERATIONS
A3: Fictional portfolio sample • client account monitoring, billing follow-up, trust replenishment, and action prioritization.
A5: ACTIVE CLIENTS | C5: ACTION NEEDED | E5: TRUST TO REPLENISH | G5: OPEN FOLLOW-UPS
A6: =COUNTA('Client Tracker'!A2:A21) -> 20 | C6: =COUNTIF('Client Tracker'!J2:J21,"Action Needed") -> 6 | E6: =SUM('Client Tracker'!I2:I21) -> 43142 | G6: =COUNTIF('Follow-Ups'!F2:F21,"Open") -> 10
A9: Priority Snapshot | E9: Account Health
A10: Priority | B10: Count | C10: Typical action | E10: Status | F10: Count
A11: High | B11: =COUNTIF('Client Tracker'!K2:K21,"High") -> 6 | C11: Replenishment / urgent follow-up | E11: Good | F11: =COUNTIF('Client Tracker'!J2:J21,"Good") -> 8
A12: Medium | B12: =COUNTIF('Client Tracker'!K2:K21,"Medium") -> 6 | C12: Review / confirm | E12: Attention | F12: =COUNTIF('Client Tracker'!J2:J21,"Attention") -> 6
A13: Low | B13: =COUNTIF('Client Tracker'!K2:K21,"Low") -> 8 | C13: Monitor | E13: Action Needed | F13: =COUNTIF('Client Tracker'!J2:J21,"Action Needed") -> 6
E14: On Hold | F14: =COUNTIF('Client Tracker'!J2:J21,"On Hold") -> 0
F16: What this demonstrates
F17: • Quick visibility into accounts that need action
F18: • Formula-driven replenishment amount
F19: • Priority and status conventions
F20: • Next-action thinking rather than raw data storage

Sheet Client Tracker
A1: Client | B1: Matter | C1: Retainer Fee | D1: Trust Balance | E1: Outstanding | F1: WIP | G1: Upcoming Event | H1: Required Trust | I1: Amount Needed | J1: Status | K1: Priority | L1: Next Action | M1: Last Contact | N1: Next Follow-Up | O1: Notes
A2: Client 001 | B2: Family Matter A | C2: 4000 | D2: 3150 | E2: 0 | F2: 125 | G2: 46302 | H2: 4000 | I2: =MAX(H2-D2+E2+F2,0) -> 975 | J2: Good | K2: Low | L2: Monitor trust balance | M2: 46301 | N2: 46303 | O2: Routine monitoring
A3: Client 002 | B3: Family Matter B | C3: 3000 | D3: 975 | E3: 0 | F3: 0 | G3: 46304 | H3: 3000 | I3: =MAX(H3-D3+E3+F3,0) -> 2025 | J3: Action Needed | K3: High | L3: Send replenishment request | M3: 46301 | N3: 46302 | O3: Upcoming mediation
A4: Client 003 | B4: Family Matter C | C4: 4000 | D4: 1890 | E4: 72 | F4: 0 | G4: 46307 | H4: 4000 | I4: =MAX(H4-D4+E4+F4,0) -> 2182 | J4: Attention | K4: Medium | L4: Review account before next event | M4: 46301 | N4: 46305 | O4: Billing question open
A5: Client 004 | B5: Family Matter D | C5: 3000 | D5: 2740 | E5: 0 | F5: 0 | G5: 46310 | H5: 3000 | I5: =MAX(H5-D5+E5+F5,0) -> 260 | J5: Good | K5: Low | L5: Monitor trust balance | M5: 46301 | N5: 46308
A6: Client 005 | B6: Family Matter E | C6: 4000 | D6: 420 | E6: 0 | F6: 85 | G6: 46303 | H6: 4000 | I6: =MAX(H6-D6+E6+F6,0) -> 3665 | J6: Action Needed | K6: High | L6: Request replenishment | M6: 46301 | N6: 46302 | O6: Low trust + WIP
A7: Client 006 | B7: Family Matter F | C7: 4000 | D7: 2150 | E7: 0 | F7: 0 | G7: 46315 | H7: 4000 | I7: =MAX(H7-D7+E7+F7,0) -> 1850 | J7: Attention | K7: Medium | L7: Confirm next milestone | M7: 46301 | N7: 46311
A8: Client 007 | B8: Family Matter G | C8: 4000 | D8: 3985 | E8: 0 | F8: 0 | G8: 46317 | H8: 4000 | I8: =MAX(H8-D8+E8+F8,0) -> 15 | J8: Good | K8: Low | L8: No action required | M8: 46301 | N8: 46313
A9: Client 008 | B9: Family Matter H | C9: 5000 | D9: 760 | E9: 150 | F9: 210 | G9: 46306 | H9: 5000 | I9: =MAX(H9-D9+E9+F9,0) -> 4600 | J9: Action Needed | K9: High | L9: Prepare client billing follow-up | M9: 46301 | N9: 46302 | O9: Upcoming filing
A10: Client 009 | B10: Family Matter I | C10: 3000 | D10: 1425 | E10: 0 | F10: 0 | G10: 46313 | H10: 3000 | I10: =MAX(H10-D10+E10+F10,0) -> 1575 | J10: Attention | K10: Medium | L10: Review trust target | M10: 46301 | N10: 46309
A11: Client 010 | B11: Family Matter J | C11: 4000 | D11: 2000 | E11: 0 | F11: 0 | G11: 46320 | H11: 4000 | I11: =MAX(H11-D11+E11+F11,0) -> 2000 | J11: Good | K11: Low | L11: Monitor trust balance | M11: 46301 | N11: 46315
A12: Client 011 | B12: Family Matter K | C12: 6000 | D12: 850 | E12: 0 | F12: 340 | G12: 46305 | H12: 6000 | I12: =MAX(H12-D12+E12+F12,0) -> 5490 | J12: Action Needed | K12: High | L12: Escalate replenishment | M12: 46301 | N12: 46302 | O12: Major event approaching
A13: Client 012 | B13: Family Matter L | C13: 4000 | D13: 3500 | E13: 0 | F13: 0 | G13: 46325 | H13: 4000 | I13: =MAX(H13-D13+E13+F13,0) -> 500 | J13: Good | K13: Low | L13: Monitor trust balance | M13: 46301 | N13: 46317
A14: Client 013 | B14: Family Matter M | C14: 3000 | D14: 1180 | E14: 0 | F14: 0 | G14: 46311 | H14: 3000 | I14: =MAX(H14-D14+E14+F14,0) -> 1820 | J14: Attention | K14: Medium | L14: Follow up after consultation | M14: 46301 | N14: 46304
A15: Client 014 | B15: Family Matter N | C15: 4000 | D15: 625 | E15: 0 | F15: 55 | G15: 46304 | H15: 4000 | I15: =MAX(H15-D15+E15+F15,0) -> 3430 | J15: Action Needed | K15: High | L15: Send replenishment request | M15: 46301 | N15: 46302
A16: Client 015 | B16: Family Matter O | C16: 5000 | D16: 2750 | E16: 0 | F16: 0 | G16: 46328 | H16: 5000 | I16: =MAX(H16-D16+E16+F16,0) -> 2250 | J16: Good | K16: Low | L16: Monitor trust balance | M16: 46301 | N16: 46320
A17: Client 016 | B17: Family Matter P | C17: 4000 | D17: 1650 | E17: 0 | F17: 0 | G17: 46309 | H17: 4000 | I17: =MAX(H17-D17+E17+F17,0) -> 2350 | J17: Attention | K17: Medium | L17: Confirm required trust amount | M17: 46301 | N17: 46304
A18: Client 017 | B18: Family Matter Q | C18: 4000 | D18: 3990 | E18: 0 | F18: 0 | G18: 46323 | H18: 4000 | I18: =MAX(H18-D18+E18+F18,0) -> 10 | J18: Good | K18: Low | L18: No action required | M18: 46301 | N18: 46316
A19: Client 018 | B19: Family Matter R | C19: 3000 | D19: 250 | E19: 0 | F19: 120 | G19: 46303 | H19: 3000 | I19: =MAX(H19-D19+E19+F19,0) -> 2870 | J19: Action Needed | K19: High | L19: Request immediate replenishment | M19: 46301 | N19: 46302
A20: Client 019 | B20: Family Matter S | C20: 4000 | D20: 2400 | E20: 0 | F20: 0 | G20: 46316 | H20: 4000 | I20: =MAX(H20-D20+E20+F20,0) -> 1600 | J20: Good | K20: Low | L20: Monitor trust balance | M20: 46301 | N20: 46311
A21: Client 020 | B21: Family Matter T | C21: 5000 | D21: 1325 | E21: 0 | F21: 0 | G21: 46308 | H21: 5000 | I21: =MAX(H21-D21+E21+F21,0) -> 3675 | J21: Attention | K21: Medium | L21: Review before upcoming hearing | M21: 46301 | N21: 46303

Sheet Follow-Ups
A1: Client | B1: Channel | C1: Topic | D1: Last Contact | E1: Next Follow-Up | F1: Status | G1: Priority | H1: Owner Notes
A2: Client 001 | B2: Email | C2: Replenishment | D2: 46296 | E2: 46302 | F2: Open | G2: High | H2: Send payment link
A3: Client 002 | B3: Phone | C3: Billing question | D3: 46297 | E3: 46303 | F3: Open | G3: Medium | H3: Confirm balance
A4: Client 003 | B4: SMS | C4: Upcoming event | D4: 46298 | E4: 46304 | F4: Waiting | G4: Low | H4: Awaiting client response
A5: Client 004 | B5: Internal | C5: Document follow-up | D5: 46299 | E5: 46305 | F5: Closed | G5: High | H5: No action
A6: Client 005 | B6: Email | C6: Replenishment | D6: 46300 | E6: 46306 | F6: Open | G6: Medium | H6: Send payment link
A7: Client 006 | B7: Phone | C7: Billing question | D7: 46301 | E7: 46307 | F7: Open | G7: Low | H7: Confirm balance
A8: Client 007 | B8: SMS | C8: Upcoming event | D8: 46296 | E8: 46308 | F8: Waiting | G8: High | H8: Awaiting client response
A9: Client 008 | B9: Internal | C9: Document follow-up | D9: 46297 | E9: 46309 | F9: Closed | G9: Medium | H9: No action
A10: Client 009 | B10: Email | C10: Replenishment | D10: 46298 | E10: 46310 | F10: Open | G10: Low | H10: Send payment link
A11: Client 010 | B11: Phone | C11: Billing question | D11: 46299 | E11: 46311 | F11: Open | G11: High | H11: Confirm balance
A12: Client 011 | B12: SMS | C12: Upcoming event | D12: 46300 | E12: 46312 | F12: Waiting | G12: Medium | H12: Awaiting client response
A13: Client 012 | B13: Internal | C13: Document follow-up | D13: 46301 | E13: 46313 | F13: Closed | G13: Low | H13: No action
... A21: Client 020 | B21: Internal | C21: Document follow-up | D21: 46297 | E21: 46309 | F21: Closed | G21: Medium | H21: No action

Sheet Lead Pipeline
A1: Lead | B1: Source | C1: Contacted | D1: Last Touch | E1: Next Step | F1: Pipeline Status | G1: Outcome | H1: Notes
A2: Prospect 001 | B2: LinkedIn | C2: No | D2: 46287 | E2: Follow up | F2: New | G2: No response | H2: Fictional sample data
A3: Prospect 002 | B3: Referral | C3: Yes | D3: 46288 | E3: Book discovery | F3: Contacted | G3: Booked | H3: Fictional sample data
A4: Prospect 003 | B4: Website | C4: Yes | D4: 46289 | E4: Send intro | F4: Follow-Up | H4: Fictional sample data
A5: Prospect 004 | B5: Email | C5: No | D5: 46290 | E5: Call | F5: Qualified | G5: Interested | H5: Fictional sample data
A6: Prospect 005 | B6: LinkedIn | C6: Yes | D6: 46291 | E6: Follow up | F6: Closed | G6: No response | H6: Fictional sample data
A7: Prospect 006 | B7: Referral | C7: Yes | D7: 46292 | E7: Book discovery | F7: New | G7: Booked | H7: Fictional sample data
A8: Prospect 007 | B8: Website | C8: No | D8: 46293 | E8: Send intro | F8: Contacted | H8: Fictional sample data
A9: Prospect 008 | B9: Email | C9: Yes | D9: 46294 | E9: Call | F9: Follow-Up | G9: Interested | H9: Fictional sample data
A10: Prospect 009 | B10: LinkedIn | C10: Yes | D10: 46295 | E10: Follow up | F10: Qualified | G10: No response | H10: Fictional sample data
A11: Prospect 010 | B11: Referral | C11: No | D11: 46296 | E11: Book discovery | F11: Closed | G11: Booked | H11: Fictional sample data
A12: Prospect 011 | B12: Website | C12: Yes | D12: 46297 | E12: Send intro | F12: New | H12: Fictional sample data
A13: Prospect 012 | B13: Email | C13: Yes | D13: 46298 | E13: Call | F13: Contacted | G13: Interested | H13: Fictional sample data
A14: Prospect 013 | B14: LinkedIn | C14: No | D14: 46299 | E14: Follow up | F14: Follow-Up | G14: No response | H14: Fictional sample data
A15: Prospect 014 | B15: Referral | C15: Yes | D15: 46300 | E15: Book discovery | F15: Qualified | G15: Booked | H15: Fictional sample data
A16: Prospect 015 | B16: Website | C16: Yes | D16: 46301 | E16: Send intro | F16: Closed | H16: Fictional sample data
A17: Prospect 016 | B17: Email | C17: No | D17: 46302 | E17: Call | F17: New | G17: Interested | H17: Fictional sample data
A18: Prospect 017 | B18: LinkedIn | C18: Yes | D18: 46303 | E18: Follow up | F18: Contacted | G18: No response | H18: Fictional sample data
A19: Prospect 018 | B19: Referral | C19: Yes | D19: 46304 | E19: Book discovery | F19: Follow-Up | G19: Booked | H19: Fictional sample data
A20: Prospect 019 | B20: Website | C20: No | D20: 46305 | E20: Send intro | F20: Qualified | H20: Fictional sample data
A21: Prospect 020 | B21: Email | C21: Yes | D21: 46306 | E21: Call | F21: Closed | G21: Interested | H21: Fictional sample data

Sheet Read Me
A1: PORTFOLIO SAMPLE — READ ME
A4: Purpose | B4: Demonstrates how Jay can structure client, billing, trust, and follow-up information into an action-oriented operations tracker.
A5: Data | B5: All client names, matters, balances, and activities are fictional/anonymized portfolio data.
A6: Main workflow | B6: Client Tracker → identify account health → calculate amount needed → prioritize → record next action → follow up.
A7: Formula | B7: Amount Needed = MAX(Required Trust − Trust Balance + Outstanding + WIP, 0).
A8: Status | B8: Good = routine monitoring; Attention = review needed; Action Needed = follow-up/replenishment required; On Hold = paused.
A9: Portfolio note | B9: This sample is designed to show organization and workflow thinking, not to reproduce a live client system or expose confidential information.
